Metric,Mean,Std
FND,1652.45,58.17349278802069
HND,2167.55,13.812561026300052
LND,2589.75,44.74944868816527
throughput,433003.9,2207.3388097554553
Stability_Ratio,0.6382613934944583,0.02521859726531604
Death_Transition_Period,937.3,74.66000126891028
Throughput_per_Round,167.2411349306708,2.681283632031926
Alive_Node_AUC,433817.5,2200.0116387251946
Normalized_AUC,0.8377772212838783,0.013447483595564445
CH_Transmissions_per_Round,14.433933853039042,0.21260789935757007
ResidualEnergy_R2000,19.21659433335187,0.974103765185524
AliveNodes_R2000,158.25,4.063638504436245
optimizer_evaluations,110760.0,2131.5672514299004
runtime_s,70.48622429865009,3.1518537130795083
