method,topology_seed,optimizer_seed,device,FND,HND,LND,throughput,ch_transmissions,optimizer_evaluations,final_energy,Stability_Ratio,Death_Transition_Period,Throughput_per_Round,CH_Transmissions_per_Round,Alive_Node_AUC,Normalized_AUC,ResidualEnergy_R500,AliveNodes_R500,ResidualEnergy_R1000,AliveNodes_R1000,ResidualEnergy_R1500,AliveNodes_R1500,ResidualEnergy_R1800,AliveNodes_R1800,ResidualEnergy_R2000,AliveNodes_R2000,batch_order,batch_id,stage,label,k,w_energy,w_intra,w_sink,w_load,runtime_s,history_file
improved_cwoa,5000,9000,cuda:0,1841,2200,2555,437862,36092,103800,0.0,0.7205479452054795,714.0,171.37455968688846,14.126027397260271,438613.0,0.8583424657534247,154.44187018477345,200.0,109.04893327897388,200.0,63.51634130300083,200.0,36.27760977304442,200.0,18.300797048596458,188.0,1,A_Baseline_35_30_20_15,A_weight_sensitivity,Baseline_35_30_20_15,15,0.35,0.3,0.2,0.15,215.45397313800004,/kaggle/working/AD_CWOA_SAFE_RERUN/histories/01_A_Baseline_35_30_20_15_topo5000_seed9000.csv.gz
improved_cwoa,5001,9001,cuda:1,1857,2184,2445,433815,35491,106800,0.0,0.7595092024539877,588.0,177.42944785276077,14.515746421267892,434652.0,0.8888588957055215,154.0783977722815,200.0,108.13144474316414,200.0,62.29518602748541,200.0,34.694731055855954,200.0,16.865067477494744,178.0,1,A_Baseline_35_30_20_15,A_weight_sensitivity,Baseline_35_30_20_15,15,0.35,0.3,0.2,0.15,225.26500802299995,/kaggle/working/AD_CWOA_SAFE_RERUN/histories/01_A_Baseline_35_30_20_15_topo5001_seed9001.csv.gz
improved_cwoa,5002,9002,cuda:0,1873,2196,2499,437299,36256,105600,0.0,0.749499799919968,626.0,174.98959583833533,14.508203281312523,438064.0,0.8764785914365746,154.601237582932,200.0,109.19241444399862,200.0,63.70195141668128,200.0,36.34721751870491,200.0,18.612880320375897,183.0,1,A_Baseline_35_30_20_15,A_weight_sensitivity,Baseline_35_30_20_15,15,0.35,0.3,0.2,0.15,131.04212254499998,/kaggle/working/AD_CWOA_SAFE_RERUN/histories/01_A_Baseline_35_30_20_15_topo5002_seed9002.csv.gz
improved_cwoa,5003,9003,cuda:1,1859,2200,2533,437817,36249,108000,0.0,0.7339123568890643,674.0,172.8452427951046,14.310698776154757,438655.0,0.8658803789972365,154.6957573773238,200.0,109.3448753285265,200.0,63.9232340410713,200.0,36.650076516413776,200.0,18.829675198515368,186.0,1,A_Baseline_35_30_20_15,A_weight_sensitivity,Baseline_35_30_20_15,15,0.35,0.3,0.2,0.15,128.605392232,/kaggle/working/AD_CWOA_SAFE_RERUN/histories/01_A_Baseline_35_30_20_15_topo5003_seed9003.csv.gz
improved_cwoa,5004,9004,cuda:0,1824,2185,2467,436183,36123,102900,0.0,0.7393595460072964,643.0,176.8070531009323,14.642480745845155,436973.0,0.8856364004864208,154.48616472789763,200.0,108.82179146436503,200.0,63.23798641573798,200.0,35.86840457077356,200.0,17.897570643367047,184.0,1,A_Baseline_35_30_20_15,A_weight_sensitivity,Baseline_35_30_20_15,15,0.35,0.3,0.2,0.15,65.43552611099994,/kaggle/working/AD_CWOA_SAFE_RERUN/histories/01_A_Baseline_35_30_20_15_topo5004_seed9004.csv.gz
improved_cwoa,5005,9005,cuda:0,1854,2182,2486,436114,36281,100800,0.0,0.7457763475462591,632.0,175.4279967819791,14.594127111826229,436875.0,0.8786705551086083,154.41697613399634,200.0,108.78273048399242,200.0,63.04881703439296,200.0,35.654798723438894,200.0,17.81153837834348,185.0,1,A_Baseline_35_30_20_15,A_weight_sensitivity,Baseline_35_30_20_15,15,0.35,0.3,0.2,0.15,210.1017294960002,/kaggle/working/AD_CWOA_SAFE_RERUN/histories/01_A_Baseline_35_30_20_15_topo5005_seed9005.csv.gz
improved_cwoa,5006,9006,cuda:1,1788,2211,2553,439042,36375,105300,0.0,0.700352526439483,765.0,171.97101449275362,14.247943595769684,439767.0,0.8612749706227967,154.79477562151405,200.0,109.37250556060437,200.0,63.990400985236455,200.0,36.7919906967698,199.0,19.28834795280332,182.0,1,A_Baseline_35_30_20_15,A_weight_sensitivity,Baseline_35_30_20_15,15,0.35,0.3,0.2,0.15,223.0759566050001,/kaggle/working/AD_CWOA_SAFE_RERUN/histories/01_A_Baseline_35_30_20_15_topo5006_seed9006.csv.gz
improved_cwoa,5007,9007,cuda:0,1854,2173,2597,435010,36262,108300,0.0,0.7139006546014632,743.0,167.50481324605315,13.963034270311898,435802.0,0.8390489025798998,154.3031764773515,200.0,108.39692883153872,200.0,62.63703714169299,200.0,35.12965857500396,200.0,17.265678963978985,182.0,1,A_Baseline_35_30_20_15,A_weight_sensitivity,Baseline_35_30_20_15,15,0.35,0.3,0.2,0.15,224.72365267099983,/kaggle/working/AD_CWOA_SAFE_RERUN/histories/01_A_Baseline_35_30_20_15_topo5007_seed9007.csv.gz
improved_cwoa,5008,9008,cuda:1,1845,2181,2461,435697,35618,100800,0.0,0.7496952458350264,616.0,177.04063388866314,14.47297846403901,436510.0,0.8868549370174725,154.37789439112169,200.0,108.7308722963708,200.0,62.95764846361036,200.0,35.468980715884584,200.0,17.550030191401486,186.0,1,A_Baseline_35_30_20_15,A_weight_sensitivity,Baseline_35_30_20_15,15,0.35,0.3,0.2,0.15,212.6153657519999,/kaggle/working/AD_CWOA_SAFE_RERUN/histories/01_A_Baseline_35_30_20_15_topo5008_seed9008.csv.gz
improved_cwoa,5009,9009,cuda:0,1784,2183,2479,436287,36216,100800,0.0,0.7196450181524808,695.0,175.99314239612747,14.609116579265834,436991.0,0.881385639370714,154.5466990883989,200.0,108.99348627039645,200.0,63.49070455361674,200.0,36.1849584048727,199.0,18.396913558285583,181.0,1,A_Baseline_35_30_20_15,A_weight_sensitivity,Baseline_35_30_20_15,15,0.35,0.3,0.2,0.15,209.138465042,/kaggle/working/AD_CWOA_SAFE_RERUN/histories/01_A_Baseline_35_30_20_15_topo5009_seed9009.csv.gz
improved_cwoa,5010,9010,cuda:1,1790,2205,2551,438748,36355,105600,0.0,0.7016856134849079,761.0,171.9905919247354,14.251274010192082,439543.0,0.8615111720893767,154.74872717455298,200.0,109.5312942975442,200.0,64.11404104518991,200.0,36.953788255939024,199.0,19.33366211078048,185.0,1,A_Baseline_35_30_20_15,A_weight_sensitivity,Baseline_35_30_20_15,15,0.35,0.3,0.2,0.15,221.4206836899998,/kaggle/working/AD_CWOA_SAFE_RERUN/histories/01_A_Baseline_35_30_20_15_topo5010_seed9010.csv.gz
improved_cwoa,5011,9011,cuda:0,1843,2170,2568,433681,36396,108300,0.0,0.7176791277258567,725.0,168.87889408099687,14.17289719626168,434409.0,0.8458119158878504,154.13259496650144,200.0,108.41150180989465,200.0,62.52147280700655,200.0,35.007960560409906,200.0,17.226384593002148,176.0,1,A_Baseline_35_30_20_15,A_weight_sensitivity,Baseline_35_30_20_15,15,0.35,0.3,0.2,0.15,222.39078341100003,/kaggle/working/AD_CWOA_SAFE_RERUN/histories/01_A_Baseline_35_30_20_15_topo5011_seed9011.csv.gz
improved_cwoa,5012,9012,cuda:1,1589,2206,2576,438573,36347,106800,0.0,0.6168478260869565,987.0,170.25349378881987,14.109860248447204,439371.0,0.8528163819875776,154.86505575020522,200.0,109.45882310416502,200.0,64.05291867975917,200.0,36.87613929024158,199.0,19.17595890142753,183.0,1,A_Baseline_35_30_20_15,A_weight_sensitivity,Baseline_35_30_20_15,15,0.35,0.3,0.2,0.15,222.11546070699976,/kaggle/working/AD_CWOA_SAFE_RERUN/histories/01_A_Baseline_35_30_20_15_topo5012_seed9012.csv.gz
improved_cwoa,5013,9013,cuda:0,1869,2163,2451,433465,35802,106500,0.0,0.762545899632803,582.0,176.8523051815585,14.607099143206854,434291.0,0.8859465524275806,154.19117901026738,200.0,108.30335570185947,200.0,62.46059129656372,200.0,34.904411248037746,200.0,16.98539340765663,182.0,1,A_Baseline_35_30_20_15,A_weight_sensitivity,Baseline_35_30_20_15,15,0.35,0.3,0.2,0.15,216.874566602,/kaggle/working/AD_CWOA_SAFE_RERUN/histories/01_A_Baseline_35_30_20_15_topo5013_seed9013.csv.gz
improved_cwoa,5014,9014,cuda:1,1825,2195,2450,437890,35913,105900,0.0,0.7448979591836735,625.0,178.73061224489797,14.658367346938777,438683.0,0.8952714285714286,154.5941475870139,200.0,109.13210519868842,200.0,63.79555709420307,200.0,36.51758988546915,200.0,18.69870303428454,187.0,1,A_Baseline_35_30_20_15,A_weight_sensitivity,Baseline_35_30_20_15,15,0.35,0.3,0.2,0.15,218.593497765,/kaggle/working/AD_CWOA_SAFE_RERUN/histories/01_A_Baseline_35_30_20_15_topo5014_seed9014.csv.gz
improved_cwoa,5015,9015,cuda:0,1767,2186,2540,435453,36680,108000,0.0,0.6956692913385827,773.0,171.43818897637794,14.440944881889765,436298.0,0.8588543307086615,154.26137203878727,200.0,108.57328533025031,200.0,62.845919824736285,200.0,35.43963989191972,199.0,17.73997002673636,179.0,1,A_Baseline_35_30_20_15,A_weight_sensitivity,Baseline_35_30_20_15,15,0.35,0.3,0.2,0.15,221.9687699179999,/kaggle/working/AD_CWOA_SAFE_RERUN/histories/01_A_Baseline_35_30_20_15_topo5015_seed9015.csv.gz
improved_cwoa,5016,9016,cuda:1,1856,2202,2584,438652,36146,109800,0.0,0.718266253869969,728.0,169.75696594427245,13.988390092879255,439539.0,0.850501160990712,154.83478730236794,200.0,109.40739173019176,200.0,64.03407209033983,200.0,36.88641331914647,200.0,19.23796019225785,186.0,1,A_Baseline_35_30_20_15,A_weight_sensitivity,Baseline_35_30_20_15,15,0.35,0.3,0.2,0.15,227.98503520699973,/kaggle/working/AD_CWOA_SAFE_RERUN/histories/01_A_Baseline_35_30_20_15_topo5016_seed9016.csv.gz
improved_cwoa,5017,9017,cuda:0,1853,2206,2513,439133,36172,104400,0.0,0.7373656983684839,660.0,174.74452845204934,14.393951452447274,439916.0,0.8752805411858336,154.80299724443927,200.0,109.59680294678908,200.0,64.43639383196613,200.0,37.29007587489379,200.0,19.49143277787177,186.0,1,A_Baseline_35_30_20_15,A_weight_sensitivity,Baseline_35_30_20_15,15,0.35,0.3,0.2,0.15,132.7107743229999,/kaggle/working/AD_CWOA_SAFE_RERUN/histories/01_A_Baseline_35_30_20_15_topo5017_seed9017.csv.gz
improved_cwoa,5018,9018,cuda:1,1827,2188,2442,436411,35875,105600,0.0,0.7481572481572482,615.0,178.7104832104832,14.690827190827193,437293.0,0.8953583128583129,154.48896833073275,200.0,108.797253196726,200.0,63.24973026387365,200.0,35.7060323168765,200.0,17.862274036842123,186.0,1,A_Baseline_35_30_20_15,A_weight_sensitivity,Baseline_35_30_20_15,15,0.35,0.3,0.2,0.15,114.25155497000014,/kaggle/working/AD_CWOA_SAFE_RERUN/histories/01_A_Baseline_35_30_20_15_topo5018_seed9018.csv.gz
improved_cwoa,5019,9019,cuda:0,1878,2204,2486,439273,36153,102300,0.0,0.7554304102976669,608.0,176.69871279163314,14.542638777152051,440007.0,0.8849698310539018,154.90340863171093,200.0,109.5611164395439,200.0,64.33130790129749,200.0,37.19355793341053,200.0,19.42752709917665,188.0,1,A_Baseline_35_30_20_15,A_weight_sensitivity,Baseline_35_30_20_15,15,0.35,0.3,0.2,0.15,34.95666083500055,/kaggle/working/AD_CWOA_SAFE_RERUN/histories/01_A_Baseline_35_30_20_15_topo5019_seed9019.csv.gz
improved_cwoa,5000,9000,cuda:0,1916,2194,2411,437749,35409,101700,0.0,0.7946909995852344,495.0,181.56325176275405,14.686437163002903,438520.0,0.909415180423061,154.45674804080636,200.0,109.08379133002008,200.0,63.54125352835163,200.0,36.1638226860668,200.0,18.12282989039607,190.0,2,A_EnergyHeavy_50_20_15_15,A_weight_sensitivity,EnergyHeavy_50_20_15_15,15,0.5,0.2,0.15,0.15,66.90630130999989,/kaggle/working/AD_CWOA_SAFE_RERUN/histories/02_A_EnergyHeavy_50_20_15_15_topo5000_seed9000.csv.gz
improved_cwoa,5001,9001,cuda:1,1858,2183,2433,433713,35128,100500,0.0,0.7636662556514591,575.0,178.26263871763254,14.438142211261816,434432.0,0.8927907932593506,153.93100992767,200.0,107.94798823469972,200.0,62.03125912749636,200.0,34.27740849187822,200.0,16.308972425934137,188.0,2,A_EnergyHeavy_50_20_15_15,A_weight_sensitivity,EnergyHeavy_50_20_15_15,15,0.5,0.2,0.15,0.15,67.94298817899994,/kaggle/working/AD_CWOA_SAFE_RERUN/histories/02_A_EnergyHeavy_50_20_15_15_topo5001_seed9001.csv.gz
improved_cwoa,5002,9002,cuda:0,1929,2190,2418,437845,35340,102000,0.0,0.7977667493796526,489.0,181.0773366418528,14.615384615384617,438582.0,0.906910669975186,154.6543797154199,200.0,109.17654645220657,200.0,63.67810238334484,200.0,36.40860196712492,200.0,18.333823707802424,194.0,2,A_EnergyHeavy_50_20_15_15,A_weight_sensitivity,EnergyHeavy_50_20_15_15,15,0.5,0.2,0.15,0.15,66.89880867400007,/kaggle/working/AD_CWOA_SAFE_RERUN/histories/02_A_EnergyHeavy_50_20_15_15_topo5002_seed9002.csv.gz
improved_cwoa,5003,9003,cuda:1,1939,2193,2481,437840,35570,100500,0.0,0.7815397017331721,542.0,176.47722692462716,14.33696090286175,438568.0,0.8838532849657397,154.50391612454143,200.0,109.01957646203356,200.0,63.599119609206575,200.0,36.26088955374669,200.0,18.199304389765512,191.0,2,A_EnergyHeavy_50_20_15_15,A_weight_sensitivity,EnergyHeavy_50_20_15_15,15,0.5,0.2,0.15,0.15,68.36185712799988,/kaggle/working/AD_CWOA_SAFE_RERUN/histories/02_A_EnergyHeavy_50_20_15_15_topo5003_seed9003.csv.gz
improved_cwoa,5004,9004,cuda:0,1885,2187,2501,435630,35572,104400,0.0,0.7536985205917633,616.0,174.18232706917237,14.22311075569772,436490.0,0.8726309476209516,154.26684827434428,200.0,108.6917366933536,200.0,62.97507243981339,200.0,35.4689286848676,200.0,17.256111191657144,192.0,2,A_EnergyHeavy_50_20_15_15,A_weight_sensitivity,EnergyHeavy_50_20_15_15,15,0.5,0.2,0.15,0.15,69.25559595000004,/kaggle/working/AD_CWOA_SAFE_RERUN/histories/02_A_EnergyHeavy_50_20_15_15_topo5004_seed9004.csv.gz
improved_cwoa,5005,9005,cuda:1,1914,2174,2410,435865,35325,97500,0.0,0.7941908713692946,496.0,180.85684647302904,14.657676348547716,436505.0,0.9056120331950208,154.31711293800345,200.0,108.48034136596286,200.0,62.70401721117752,200.0,35.21234014324198,200.0,17.082029047760248,187.0,2,A_EnergyHeavy_50_20_15_15,A_weight_sensitivity,EnergyHeavy_50_20_15_15,15,0.5,0.2,0.15,0.15,65.98112888299988,/kaggle/working/AD_CWOA_SAFE_RERUN/histories/02_A_EnergyHeavy_50_20_15_15_topo5005_seed9005.csv.gz
improved_cwoa,5006,9006,cuda:0,1866,2194,2504,438558,35866,103500,0.0,0.7452076677316294,638.0,175.1429712460064,14.323482428115016,439346.0,0.8772883386581469,154.57815018649103,200.0,109.12156018376471,200.0,63.54223124753648,200.0,36.338975622453205,200.0,18.3057771067973,191.0,2,A_EnergyHeavy_50_20_15_15,A_weight_sensitivity,EnergyHeavy_50_20_15_15,15,0.5,0.2,0.15,0.15,67.092062424,/kaggle/working/AD_CWOA_SAFE_RERUN/histories/02_A_EnergyHeavy_50_20_15_15_topo5006_seed9006.csv.gz
improved_cwoa,5007,9007,cuda:1,1866,2188,2522,434533,35463,104400,0.0,0.7398889770023791,656.0,172.296986518636,14.061459159397304,435338.0,0.863080888183981,154.2097759866636,200.0,108.2617904220576,200.0,62.36519350611022,200.0,34.802657198363775,200.0,16.70989911175583,191.0,2,A_EnergyHeavy_50_20_15_15,A_weight_sensitivity,EnergyHeavy_50_20_15_15,15,0.5,0.2,0.15,0.15,70.12869096899999,/kaggle/working/AD_CWOA_SAFE_RERUN/histories/02_A_EnergyHeavy_50_20_15_15_topo5007_seed9007.csv.gz
improved_cwoa,5008,9008,cuda:0,1921,2184,2450,435829,35194,98400,0.0,0.7840816326530612,529.0,177.88938775510204,14.364897959183674,436505.0,0.8908265306122449,154.30141451189894,200.0,108.4727268421141,200.0,62.53474260008481,200.0,35.08886646544617,200.0,16.82665020275386,194.0,2,A_EnergyHeavy_50_20_15_15,A_weight_sensitivity,EnergyHeavy_50_20_15_15,15,0.5,0.2,0.15,0.15,66.3107871369998,/kaggle/working/AD_CWOA_SAFE_RERUN/histories/02_A_EnergyHeavy_50_20_15_15_topo5008_seed9008.csv.gz
improved_cwoa,5009,9009,cuda:1,1896,2194,2388,436568,35185,100500,0.0,0.7939698492462312,492.0,182.81742043551088,14.734087102177554,437375.0,0.9157768006700168,154.4827110415643,200.0,108.96959388839564,200.0,63.29732084940572,200.0,35.941164139312434,200.0,17.80154591066176,192.0,2,A_EnergyHeavy_50_20_15_15,A_weight_sensitivity,EnergyHeavy_50_20_15_15,15,0.5,0.2,0.15,0.15,68.98414112499995,/kaggle/working/AD_CWOA_SAFE_RERUN/histories/02_A_EnergyHeavy_50_20_15_15_topo5009_seed9009.csv.gz
improved_cwoa,5010,9010,cuda:0,1794,2206,2390,438513,35191,99000,0.0,0.7506276150627615,596.0,183.47824267782423,14.72426778242678,439231.0,0.9188933054393306,154.67618315411636,200.0,109.35973512457042,200.0,63.86928686302913,200.0,36.5625920157461,199.0,18.57709553344982,189.0,2,A_EnergyHeavy_50_20_15_15,A_weight_sensitivity,EnergyHeavy_50_20_15_15,15,0.5,0.2,0.15,0.15,65.1520770300001,/kaggle/working/AD_CWOA_SAFE_RERUN/histories/02_A_EnergyHeavy_50_20_15_15_topo5010_seed9010.csv.gz
improved_cwoa,5011,9011,cuda:1,1899,2173,2505,434498,35454,101700,0.0,0.7580838323353294,606.0,173.45229540918163,14.153293413173651,435180.0,0.868622754491018,154.14088455824495,200.0,108.39087144901352,200.0,62.43493837826353,200.0,34.925847239317164,200.0,16.916216797817675,184.0,2,A_EnergyHeavy_50_20_15_15,A_weight_sensitivity,EnergyHeavy_50_20_15_15,15,0.5,0.2,0.15,0.15,69.50213842799985,/kaggle/working/AD_CWOA_SAFE_RERUN/histories/02_A_EnergyHeavy_50_20_15_15_topo5011_seed9011.csv.gz
improved_cwoa,5012,9012,cuda:0,1895,2197,2461,438342,35519,101400,0.0,0.7700121901665989,566.0,178.11540024380332,14.432750914262495,439137.0,0.8921921982933767,154.81289322653257,200.0,109.34378964078704,200.0,63.88099943066953,200.0,36.54185972550225,200.0,18.6084715960394,187.0,2,A_EnergyHeavy_50_20_15_15,A_weight_sensitivity,EnergyHeavy_50_20_15_15,15,0.5,0.2,0.15,0.15,65.71544330200004,/kaggle/working/AD_CWOA_SAFE_RERUN/histories/02_A_EnergyHeavy_50_20_15_15_topo5012_seed9012.csv.gz
improved_cwoa,5013,9013,cuda:1,1846,2181,2442,433605,35287,102000,0.0,0.7559377559377559,596.0,177.56142506142507,14.45004095004095,434370.0,0.8893734643734644,153.9951430548208,200.0,107.97424006539056,200.0,62.02920316013828,200.0,34.44532482135593,200.0,16.446631576738042,189.0,2,A_EnergyHeavy_50_20_15_15,A_weight_sensitivity,EnergyHeavy_50_20_15_15,15,0.5,0.2,0.15,0.15,67.88775802700002,/kaggle/working/AD_CWOA_SAFE_RERUN/histories/02_A_EnergyHeavy_50_20_15_15_topo5013_seed9013.csv.gz
improved_cwoa,5014,9014,cuda:0,1918,2201,2383,437646,34989,97800,0.0,0.804867813680235,465.0,183.65337809483844,14.682752832563995,438338.0,0.9197188417960552,154.46683890482973,200.0,108.9417668749857,200.0,63.43965179990744,200.0,36.0760280829382,200.0,17.999643109671187,194.0,2,A_EnergyHeavy_50_20_15_15,A_weight_sensitivity,EnergyHeavy_50_20_15_15,15,0.5,0.2,0.15,0.15,64.3669562980001,/kaggle/working/AD_CWOA_SAFE_RERUN/histories/02_A_EnergyHeavy_50_20_15_15_topo5014_seed9014.csv.gz
improved_cwoa,5015,9015,cuda:1,1796,2175,2480,435490,35636,100500,0.0,0.7241935483870968,684.0,175.6008064516129,14.369354838709675,436144.0,0.8793225806451613,154.24997058985423,200.0,108.4552867246586,200.0,62.55122769312686,200.0,35.05968554288725,199.0,17.085197562566364,189.0,2,A_EnergyHeavy_50_20_15_15,A_weight_sensitivity,EnergyHeavy_50_20_15_15,15,0.5,0.2,0.15,0.15,68.23025803199994,/kaggle/working/AD_CWOA_SAFE_RERUN/histories/02_A_EnergyHeavy_50_20_15_15_topo5015_seed9015.csv.gz
improved_cwoa,5016,9016,cuda:0,1938,2202,2502,439030,35665,103800,0.0,0.7745803357314148,564.0,175.47162270183853,14.254596322941646,439816.0,0.8789288569144684,154.72258944953165,200.0,109.28917093916108,200.0,63.93641231377724,200.0,36.64538902631593,200.0,18.674231246919625,196.0,2,A_EnergyHeavy_50_20_15_15,A_weight_sensitivity,EnergyHeavy_50_20_15_15,15,0.5,0.2,0.15,0.15,67.71658074999982,/kaggle/working/AD_CWOA_SAFE_RERUN/histories/02_A_EnergyHeavy_50_20_15_15_topo5016_seed9016.csv.gz
improved_cwoa,5017,9017,cuda:1,1898,2204,2393,439079,35241,99000,0.0,0.79314667781028,495.0,183.4847471792729,14.726702883409946,439843.0,0.91902005850397,154.71403916029334,200.0,109.33336504388996,200.0,63.98682806119935,200.0,36.79116898269484,200.0,18.69684397911488,193.0,2,A_EnergyHeavy_50_20_15_15,A_weight_sensitivity,EnergyHeavy_50_20_15_15,15,0.5,0.2,0.15,0.15,66.80264116600006,/kaggle/working/AD_CWOA_SAFE_RERUN/histories/02_A_EnergyHeavy_50_20_15_15_topo5017_seed9017.csv.gz
improved_cwoa,5018,9018,cuda:0,1907,2196,2554,436675,35828,105900,0.0,0.7466718872357087,647.0,170.97689898198902,14.02819107282694,437437.0,0.856376272513704,154.41343242985252,200.0,108.74252496070572,200.0,62.986525385018766,200.0,35.57893764935443,200.0,17.38115237668003,194.0,2,A_EnergyHeavy_50_20_15_15,A_weight_sensitivity,EnergyHeavy_50_20_15_15,15,0.5,0.2,0.15,0.15,67.47709178800005,/kaggle/working/AD_CWOA_SAFE_RERUN/histories/02_A_EnergyHeavy_50_20_15_15_topo5018_seed9018.csv.gz
improved_cwoa,5019,9019,cuda:1,1930,2212,2439,439112,35340,100500,0.0,0.7913079130791308,509.0,180.03772037720378,14.489544895448956,439906.0,0.9018163181631816,154.80009478555058,200.0,109.5145116115822,200.0,64.20172759643327,200.0,36.90073364052812,200.0,18.85772597355832,193.0,2,A_EnergyHeavy_50_20_15_15,A_weight_sensitivity,EnergyHeavy_50_20_15_15,15,0.5,0.2,0.15,0.15,57.29359475000001,/kaggle/working/AD_CWOA_SAFE_RERUN/histories/02_A_EnergyHeavy_50_20_15_15_topo5019_seed9019.csv.gz
improved_cwoa,5000,9000,cuda:0,1744,2191,2790,437597,37947,113700,0.0,0.625089605734767,1046.0,156.84480286738352,13.601075268817205,438363.0,0.7855967741935483,154.4211080352157,200.0,108.9051283794719,200.0,63.42123744426022,200.0,36.1742114768004,197.0,19.13069150576704,165.0,3,A_Equal_25_25_25_25,A_weight_sensitivity,Equal_25_25_25_25,15,0.25,0.25,0.25,0.25,233.0824639360003,/kaggle/working/AD_CWOA_SAFE_RERUN/histories/03_A_Equal_25_25_25_25_topo5000_seed9000.csv.gz
improved_cwoa,5001,9001,cuda:1,1614,2190,2686,433292,36728,108600,0.0,0.6008935219657483,1072.0,161.3149664929263,13.67386448250186,434002.0,0.8078965003723009,153.96090097903274,200.0,107.90749917815066,200.0,62.02415691472689,200.0,34.587926664444495,192.0,17.708780054148363,167.0,3,A_Equal_25_25_25_25,A_weight_sensitivity,Equal_25_25_25_25,15,0.25,0.25,0.25,0.25,225.14549772500004,/kaggle/working/AD_CWOA_SAFE_RERUN/histories/03_A_Equal_25_25_25_25_topo5001_seed9001.csv.gz
improved_cwoa,5002,9002,cuda:0,1653,2184,2662,437182,37859,111600,0.0,0.620961682945154,1009.0,164.2306536438768,14.222013523666416,437974.0,0.8226408715251691,154.61899181872036,200.0,109.1097543204285,200.0,63.562176931533024,200.0,36.40923637144516,197.0,19.561792694901445,167.0,3,A_Equal_25_25_25_25,A_weight_sensitivity,Equal_25_25_25_25,15,0.25,0.25,0.25,0.25,224.0940503339998,/kaggle/working/AD_CWOA_SAFE_RERUN/histories/03_A_Equal_25_25_25_25_topo5002_seed9002.csv.gz
improved_cwoa,5003,9003,cuda:1,1712,2187,2633,437408,37484,108600,0.0,0.6502088872009115,921.0,166.1253323205469,14.23623243448538,438114.0,0.8319673376376756,154.4958802393477,200.0,109.01626211674346,200.0,63.66021084419712,200.0,36.57637219650943,196.0,19.46287677513414,170.0,3,A_Equal_25_25_25_25,A_weight_sensitivity,Equal_25_25_25_25,15,0.25,0.25,0.25,0.25,221.9321447090001,/kaggle/working/AD_CWOA_SAFE_RERUN/histories/03_A_Equal_25_25_25_25_topo5003_seed9003.csv.gz
improved_cwoa,5004,9004,cuda:0,1656,2178,2802,435574,37579,114900,0.0,0.5910064239828694,1146.0,155.45110635260528,13.411491791577443,436350.0,0.7786402569593148,154.27369974222665,200.0,108.6946349896108,200.0,63.02004542725728,200.0,35.65657742652034,198.0,18.38931922174008,169.0,3,A_Equal_25_25_25_25,A_weight_sensitivity,Equal_25_25_25_25,15,0.25,0.25,0.25,0.25,233.2125124600002,/kaggle/working/AD_CWOA_SAFE_RERUN/histories/03_A_Equal_25_25_25_25_topo5004_seed9004.csv.gz
improved_cwoa,5005,9005,cuda:1,1527,2185,2633,435435,38083,111600,0.0,0.5799468287124953,1106.0,165.3759969616407,14.463729586023549,436315.0,0.8285510824154957,154.4087927747849,200.0,108.67617685446616,200.0,62.91026089357209,200.0,35.79776116035858,194.0,19.116554146852256,168.0,3,A_Equal_25_25_25_25,A_weight_sensitivity,Equal_25_25_25_25,15,0.25,0.25,0.25,0.25,231.59940845399976,/kaggle/working/AD_CWOA_SAFE_RERUN/histories/03_A_Equal_25_25_25_25_topo5005_seed9005.csv.gz
improved_cwoa,5006,9006,cuda:0,1737,2218,2652,438274,37546,109200,0.0,0.6549773755656109,915.0,165.26168929110105,14.15761689291101,438992.0,0.8276621417797888,154.63887473117668,200.0,109.21016894058576,200.0,63.7769681430961,200.0,36.65596454126682,196.0,19.857004654135057,166.0,3,A_Equal_25_25_25_25,A_weight_sensitivity,Equal_25_25_25_25,15,0.25,0.25,0.25,0.25,224.1401619530002,/kaggle/working/AD_CWOA_SAFE_RERUN/histories/03_A_Equal_25_25_25_25_topo5006_seed9006.csv.gz
improved_cwoa,5007,9007,cuda:1,1677,2176,2602,433991,36958,109500,0.0,0.6445042275172944,925.0,166.7913143735588,14.20368946963874,434800.0,0.8355111452728671,154.170772751872,200.0,108.10577321919992,200.0,62.18936919493611,200.0,34.78442307473728,197.0,17.613358862232914,169.0,3,A_Equal_25_25_25_25,A_weight_sensitivity,Equal_25_25_25_25,15,0.25,0.25,0.25,0.25,229.834632781,/kaggle/working/AD_CWOA_SAFE_RERUN/histories/03_A_Equal_25_25_25_25_topo5007_seed9007.csv.gz
improved_cwoa,5008,9008,cuda:0,1744,2185,2627,435255,36912,109800,0.0,0.6638751427483822,883.0,165.685192234488,14.051008755234108,436024.0,0.8298896079177769,154.27048874810623,200.0,108.49813156110253,200.0,62.6728942022859,200.0,35.26895385184325,198.0,18.19439457405123,170.0,3,A_Equal_25_25_25_25,A_weight_sensitivity,Equal_25_25_25_25,15,0.25,0.25,0.25,0.25,223.44372770399968,/kaggle/working/AD_CWOA_SAFE_RERUN/histories/03_A_Equal_25_25_25_25_topo5008_seed9008.csv.gz
improved_cwoa,5009,9009,cuda:1,1684,2169,2683,435953,37903,110400,0.0,0.6276556093924711,999.0,162.4871412597838,14.127096533730898,436729.0,0.8138818486768543,154.39872584337428,200.0,108.84400003217608,200.0,63.20944546845027,200.0,35.929108038804515,196.0,19.02436802332965,170.0,3,A_Equal_25_25_25_25,A_weight_sensitivity,Equal_25_25_25_25,15,0.25,0.25,0.25,0.25,228.4859138910001,/kaggle/working/AD_CWOA_SAFE_RERUN/histories/03_A_Equal_25_25_25_25_topo5009_seed9009.csv.gz
improved_cwoa,5010,9010,cuda:0,1673,2200,2551,437859,37403,107100,0.0,0.6558212465699725,878.0,171.6421011368091,14.662093296746374,438620.0,0.859702077616621,154.60451477462905,200.0,109.4426836026942,200.0,64.1562293583224,200.0,37.080088928105496,195.0,20.2007094408739,172.0,3,A_Equal_25_25_25_25,A_weight_sensitivity,Equal_25_25_25_25,15,0.25,0.25,0.25,0.25,217.3000422089999,/kaggle/working/AD_CWOA_SAFE_RERUN/histories/03_A_Equal_25_25_25_25_topo5010_seed9010.csv.gz
improved_cwoa,5011,9011,cuda:1,1674,2177,2536,433717,37029,106800,0.0,0.6600946372239748,862.0,171.02405362776025,14.601340694006309,434521.0,0.8567054416403785,154.10887266661905,200.0,108.2783558699629,200.0,62.43508167063315,200.0,35.11434844061376,195.0,18.2281722868042,167.0,3,A_Equal_25_25_25_25,A_weight_sensitivity,Equal_25_25_25_25,15,0.25,0.25,0.25,0.25,220.8981162540004,/kaggle/working/AD_CWOA_SAFE_RERUN/histories/03_A_Equal_25_25_25_25_topo5011_seed9011.csv.gz
improved_cwoa,5012,9012,cuda:0,1632,2206,2763,437742,37613,114600,0.0,0.5906623235613464,1131.0,158.4299674267101,13.613101701049583,438549.0,0.7936102062975027,154.7155635230947,200.0,109.26520981638862,200.0,63.806154083803584,200.0,36.5963903853572,196.0,19.354696875102327,175.0,3,A_Equal_25_25_25_25,A_weight_sensitivity,Equal_25_25_25_25,15,0.25,0.25,0.25,0.25,234.00013460299988,/kaggle/working/AD_CWOA_SAFE_RERUN/histories/03_A_Equal_25_25_25_25_topo5012_seed9012.csv.gz
improved_cwoa,5013,9013,cuda:1,1508,2195,2652,433286,37302,111000,0.0,0.5686274509803921,1144.0,163.38084464555052,14.065610859728508,434159.0,0.8185501508295626,154.0984059507778,200.0,108.18161956851318,200.0,62.24307517850756,200.0,34.7279337065158,196.0,18.06747796496871,159.0,3,A_Equal_25_25_25_25,A_weight_sensitivity,Equal_25_25_25_25,15,0.25,0.25,0.25,0.25,233.20093250299988,/kaggle/working/AD_CWOA_SAFE_RERUN/histories/03_A_Equal_25_25_25_25_topo5013_seed9013.csv.gz
improved_cwoa,5014,9014,cuda:0,1759,2198,2659,437643,37583,108300,0.0,0.6615268898081986,900.0,164.58931929296728,14.134261000376082,438365.0,0.824304249717939,154.52191548889732,200.0,109.08482688874376,200.0,63.6225803095646,200.0,36.31511520759399,199.0,19.11431373567192,172.0,3,A_Equal_25_25_25_25,A_weight_sensitivity,Equal_25_25_25_25,15,0.25,0.25,0.25,0.25,220.44117419199983,/kaggle/working/AD_CWOA_SAFE_RERUN/histories/03_A_Equal_25_25_25_25_topo5014_seed9014.csv.gz
improved_cwoa,5015,9015,cuda:1,1569,2184,2664,434867,38183,108600,0.0,0.588963963963964,1095.0,163.23836336336336,14.33295795795796,435627.0,0.8176182432432433,154.23875006391413,200.0,108.43582725228298,200.0,62.57143251119548,200.0,35.23274469225348,196.0,18.653615359615173,160.0,3,A_Equal_25_25_25_25,A_weight_sensitivity,Equal_25_25_25_25,15,0.25,0.25,0.25,0.25,226.41601226700004,/kaggle/working/AD_CWOA_SAFE_RERUN/histories/03_A_Equal_25_25_25_25_topo5015_seed9015.csv.gz
improved_cwoa,5016,9016,cuda:0,1758,2210,2720,437883,37612,111900,0.0,0.6463235294117647,962.0,160.98639705882354,13.827941176470588,438668.0,0.806375,154.68359002685855,200.0,109.2259567932932,200.0,63.80301110159115,200.0,36.57761150373561,198.0,19.769950079555294,165.0,3,A_Equal_25_25_25_25,A_weight_sensitivity,Equal_25_25_25_25,15,0.25,0.25,0.25,0.25,171.08553493800082,/kaggle/working/AD_CWOA_SAFE_RERUN/histories/03_A_Equal_25_25_25_25_topo5016_seed9016.csv.gz
improved_cwoa,5017,9017,cuda:1,1619,2215,2664,439003,37352,111600,0.0,0.6077327327327328,1045.0,164.79091591591592,14.02102102102102,439821.0,0.8254898648648649,154.7547184733089,200.0,109.48115233035068,200.0,64.19875524027037,200.0,37.16358444316086,196.0,20.363585101771324,173.0,3,A_Equal_25_25_25_25,A_weight_sensitivity,Equal_25_25_25_25,15,0.25,0.25,0.25,0.25,156.4590865959999,/kaggle/working/AD_CWOA_SAFE_RERUN/histories/03_A_Equal_25_25_25_25_topo5017_seed9017.csv.gz
improved_cwoa,5018,9018,cuda:0,1542,2198,2854,436446,37871,117000,0.0,0.5402943237561317,1312.0,152.92431674842325,13.269446391030131,437376.0,0.7662508759635599,154.30988808781433,200.0,108.62029182568368,200.0,63.0369821749253,200.0,35.916038906496034,195.0,18.877694781570533,173.0,3,A_Equal_25_25_25_25,A_weight_sensitivity,Equal_25_25_25_25,15,0.25,0.25,0.25,0.25,72.1113765580003,/kaggle/working/AD_CWOA_SAFE_RERUN/histories/03_A_Equal_25_25_25_25_topo5018_seed9018.csv.gz
improved_cwoa,5019,9019,cuda:1,1706,2212,2588,438996,37609,107700,0.0,0.6591962905718701,882.0,169.6275115919629,14.532071097372487,439668.0,0.849435857805255,154.79651441320732,200.0,109.58536790870416,200.0,64.42405649898043,200.0,37.30976967544972,198.0,20.307297693496324,169.0,3,A_Equal_25_25_25_25,A_weight_sensitivity,Equal_25_25_25_25,15,0.25,0.25,0.25,0.25,65.67172484599996,/kaggle/working/AD_CWOA_SAFE_RERUN/histories/03_A_Equal_25_25_25_25_topo5019_seed9019.csv.gz
improved_cwoa,5000,9000,cuda:0,1648,2196,2645,438734,37244,107700,0.0,0.623062381852552,997.0,165.87296786389413,14.080907372400755,439441.0,0.8307013232514178,154.59766879160176,200.0,109.21620021196316,200.0,63.724150931476686,200.0,36.54377733476453,199.0,19.045240513826776,183.0,4,A_IntraHeavy_25_45_15_15,A_weight_sensitivity,IntraHeavy_25_45_15_15,15,0.25,0.45,0.15,0.15,69.3282011500005,/kaggle/working/AD_CWOA_SAFE_RERUN/histories/04_A_IntraHeavy_25_45_15_15_topo5000_seed9000.csv.gz
improved_cwoa,5001,9001,cuda:1,1579,2183,2598,434919,36588,106500,0.0,0.6077752117013087,1019.0,167.40531177829098,14.083140877598153,435692.0,0.8385142417244034,154.11874202966243,200.0,108.1961093626338,200.0,62.36449299841131,200.0,34.97042990994976,198.0,17.760642805162853,173.0,4,A_IntraHeavy_25_45_15_15,A_weight_sensitivity,IntraHeavy_25_45_15_15,15,0.25,0.45,0.15,0.15,70.8852186640006,/kaggle/working/AD_CWOA_SAFE_RERUN/histories/04_A_IntraHeavy_25_45_15_15_topo5001_seed9001.csv.gz
improved_cwoa,5002,9002,cuda:0,1732,2198,2550,438659,36958,107700,0.0,0.6792156862745098,818.0,172.02313725490197,14.493333333333334,439346.0,0.8614627450980392,154.68922970001464,200.0,109.283236922246,200.0,63.92011005705049,200.0,36.74861620642129,198.0,19.428970478462084,178.0,4,A_IntraHeavy_25_45_15_15,A_weight_sensitivity,IntraHeavy_25_45_15_15,15,0.25,0.45,0.15,0.15,69.28317071099991,/kaggle/working/AD_CWOA_SAFE_RERUN/histories/04_A_IntraHeavy_25_45_15_15_topo5002_seed9002.csv.gz
improved_cwoa,5003,9003,cuda:1,1849,2195,2637,439014,37724,108300,0.0,0.7011755783086842,788.0,166.48236632536972,14.305650360257868,439708.0,0.8337277208949564,154.69854823101872,200.0,109.42590579143622,200.0,64.11862784578969,200.0,36.88410450906995,200.0,19.31332997562024,181.0,4,A_IntraHeavy_25_45_15_15,A_weight_sensitivity,IntraHeavy_25_45_15_15,15,0.25,0.45,0.15,0.15,71.60667606399966,/kaggle/working/AD_CWOA_SAFE_RERUN/histories/04_A_IntraHeavy_25_45_15_15_topo5003_seed9003.csv.gz
improved_cwoa,5004,9004,cuda:0,1640,2191,2641,436568,37100,108900,0.0,0.6209769026883756,1001.0,165.30405149564558,14.047709201060204,437315.0,0.8279344945096554,154.527284105266,200.0,109.15111444856753,200.0,63.47949048214145,200.0,36.19335312515906,197.0,19.03285229801817,171.0,4,A_IntraHeavy_25_45_15_15,A_weight_sensitivity,IntraHeavy_25_45_15_15,15,0.25,0.45,0.15,0.15,69.97806010800014,/kaggle/working/AD_CWOA_SAFE_RERUN/histories/04_A_IntraHeavy_25_45_15_15_topo5004_seed9004.csv.gz
improved_cwoa,5005,9005,cuda:1,1728,2191,2625,437506,37080,108600,0.0,0.6582857142857143,897.0,166.6689523809524,14.125714285714286,438330.0,0.8349142857142857,154.5661663031948,200.0,108.98379570847214,200.0,63.37391984748662,200.0,36.05384701781968,198.0,18.690987035430325,178.0,4,A_IntraHeavy_25_45_15_15,A_weight_sensitivity,IntraHeavy_25_45_15_15,15,0.25,0.45,0.15,0.15,72.3436028820006,/kaggle/working/AD_CWOA_SAFE_RERUN/histories/04_A_IntraHeavy_25_45_15_15_topo5005_seed9005.csv.gz
improved_cwoa,5006,9006,cuda:0,1721,2213,2673,439253,37343,111600,0.0,0.6438458660680882,952.0,164.3295922184811,13.970445192667414,440042.0,0.8231238309016087,154.7276381093166,200.0,109.3427096249988,200.0,63.92701063635427,200.0,36.8178240056709,198.0,19.657415726254108,176.0,4,A_IntraHeavy_25_45_15_15,A_weight_sensitivity,IntraHeavy_25_45_15_15,15,0.25,0.45,0.15,0.15,70.16119247799998,/kaggle/working/AD_CWOA_SAFE_RERUN/histories/04_A_IntraHeavy_25_45_15_15_topo5006_seed9006.csv.gz
improved_cwoa,5007,9007,cuda:1,1715,2183,2583,435743,36750,103200,0.0,0.6639566395663956,868.0,168.69647696476966,14.227642276422763,436453.0,0.8448567557104143,154.3167567178789,200.0,108.47801639033162,200.0,62.7450021898687,200.0,35.33913977493333,196.0,17.95410405853341,180.0,4,A_IntraHeavy_25_45_15_15,A_weight_sensitivity,IntraHeavy_25_45_15_15,15,0.25,0.45,0.15,0.15,67.02016375400035,/kaggle/working/AD_CWOA_SAFE_RERUN/histories/04_A_IntraHeavy_25_45_15_15_topo5007_seed9007.csv.gz
improved_cwoa,5008,9008,cuda:0,1717,2191,2572,436058,36499,111900,0.0,0.6675738724727839,855.0,169.54043545878693,14.190902021772938,436938.0,0.8494129082426127,154.37213949118922,200.0,108.69237179188954,200.0,63.01053982762112,200.0,35.57244517360345,199.0,18.07754429060744,175.0,4,A_IntraHeavy_25_45_15_15,A_weight_sensitivity,IntraHeavy_25_45_15_15,15,0.25,0.45,0.15,0.15,68.60439503999987,/kaggle/working/AD_CWOA_SAFE_RERUN/histories/04_A_IntraHeavy_25_45_15_15_topo5008_seed9008.csv.gz
improved_cwoa,5009,9009,cuda:1,1530,2173,2688,437922,37074,111900,0.0,0.5691964285714286,1158.0,162.91741071428572,13.792410714285714,438718.0,0.8160677083333333,154.65089602821612,200.0,109.29041931213914,200.0,63.860800728570105,200.0,36.75681332455398,198.0,19.097869726544666,181.0,4,A_IntraHeavy_25_45_15_15,A_weight_sensitivity,IntraHeavy_25_45_15_15,15,0.25,0.45,0.15,0.15,72.00967331599986,/kaggle/working/AD_CWOA_SAFE_RERUN/histories/04_A_IntraHeavy_25_45_15_15_topo5009_seed9009.csv.gz
improved_cwoa,5010,9010,cuda:0,1773,2191,2557,439540,36711,107400,0.0,0.6933906922174423,784.0,171.89675400860384,14.357059053578412,440286.0,0.8609425107547908,154.78248420390122,200.0,109.6449339905386,200.0,64.26903368067474,200.0,37.12735904186663,199.0,19.947776038200928,178.0,4,A_IntraHeavy_25_45_15_15,A_weight_sensitivity,IntraHeavy_25_45_15_15,15,0.25,0.45,0.15,0.15,67.79276430900063,/kaggle/working/AD_CWOA_SAFE_RERUN/histories/04_A_IntraHeavy_25_45_15_15_topo5010_seed9010.csv.gz
improved_cwoa,5011,9011,cuda:1,1717,2188,2573,435314,36664,107100,0.0,0.6673144189661874,856.0,169.18538670812282,14.24951418577536,436023.0,0.8473047026816946,154.26402490866622,200.0,108.59893978673858,200.0,62.9294589300169,200.0,35.53680796970589,197.0,18.46554497388697,168.0,4,A_IntraHeavy_25_45_15_15,A_weight_sensitivity,IntraHeavy_25_45_15_15,15,0.25,0.45,0.15,0.15,69.14489689600032,/kaggle/working/AD_CWOA_SAFE_RERUN/histories/04_A_IntraHeavy_25_45_15_15_topo5011_seed9011.csv.gz
improved_cwoa,5012,9012,cuda:0,1735,2199,2679,439618,37345,110700,0.0,0.6476297125793207,944.0,164.09779768570365,13.939902948861516,440404.0,0.8219559537140724,154.80841743011814,200.0,109.54322131611148,200.0,64.24428399587134,200.0,37.021852026086776,196.0,19.67136889956599,182.0,4,A_IntraHeavy_25_45_15_15,A_weight_sensitivity,IntraHeavy_25_45_15_15,15,0.25,0.45,0.15,0.15,68.19665660099963,/kaggle/working/AD_CWOA_SAFE_RERUN/histories/04_A_IntraHeavy_25_45_15_15_topo5012_seed9012.csv.gz
improved_cwoa,5013,9013,cuda:1,1785,2185,2514,434292,36367,105000,0.0,0.7100238663484487,729.0,172.74940334128877,14.465791567223548,435074.0,0.86530230708035,154.30929553824967,200.0,108.46777247162564,200.0,62.70322001551497,200.0,35.148053490918656,199.0,17.785722985211066,174.0,4,A_IntraHeavy_25_45_15_15,A_weight_sensitivity,IntraHeavy_25_45_15_15,15,0.25,0.45,0.15,0.15,67.03659277600036,/kaggle/working/AD_CWOA_SAFE_RERUN/histories/04_A_IntraHeavy_25_45_15_15_topo5013_seed9013.csv.gz
improved_cwoa,5014,9014,cuda:0,1830,2202,2540,438496,36412,106500,0.0,0.7204724409448819,710.0,172.63622047244095,14.33543307086614,439334.0,0.8648307086614173,154.61189890176166,200.0,109.22967364148894,200.0,63.84227760348867,200.0,36.49897670647171,200.0,19.05154611822941,178.0,4,A_IntraHeavy_25_45_15_15,A_weight_sensitivity,IntraHeavy_25_45_15_15,15,0.25,0.45,0.15,0.15,65.69699439600026,/kaggle/working/AD_CWOA_SAFE_RERUN/histories/04_A_IntraHeavy_25_45_15_15_topo5014_seed9014.csv.gz
improved_cwoa,5015,9015,cuda:1,1746,2188,2606,436333,36817,106200,0.0,0.6699923254029163,860.0,167.43399846508058,14.127782041442824,437108.0,0.8386569455103607,154.356838192736,200.0,108.723588155186,200.0,62.94802401571528,200.0,35.56655906758023,199.0,17.969378034549532,181.0,4,A_IntraHeavy_25_45_15_15,A_weight_sensitivity,IntraHeavy_25_45_15_15,15,0.25,0.45,0.15,0.15,68.93163999300032,/kaggle/working/AD_CWOA_SAFE_RERUN/histories/04_A_IntraHeavy_25_45_15_15_topo5015_seed9015.csv.gz
improved_cwoa,5016,9016,cuda:0,1792,2211,2643,439860,36894,108000,0.0,0.6780174044646236,851.0,166.4245175936436,13.959137343927356,440556.0,0.8334392735527809,154.87476009778968,200.0,109.58380906971767,200.0,64.30928650279131,200.0,37.121236751824384,199.0,19.72337526533945,180.0,4,A_IntraHeavy_25_45_15_15,A_weight_sensitivity,IntraHeavy_25_45_15_15,15,0.25,0.45,0.15,0.15,67.13887794300081,/kaggle/working/AD_CWOA_SAFE_RERUN/histories/04_A_IntraHeavy_25_45_15_15_topo5016_seed9016.csv.gz
improved_cwoa,5017,9017,cuda:1,1793,2209,2796,440628,37786,114300,0.0,0.6412732474964234,1003.0,157.59227467811158,13.514306151645208,441405.0,0.7893508583690987,154.86432988290284,200.0,109.82223569078184,200.0,64.54431798243326,200.0,37.495649074579376,198.0,20.105317950383206,177.0,4,A_IntraHeavy_25_45_15_15,A_weight_sensitivity,IntraHeavy_25_45_15_15,15,0.25,0.45,0.15,0.15,73.76779997199992,/kaggle/working/AD_CWOA_SAFE_RERUN/histories/04_A_IntraHeavy_25_45_15_15_topo5017_seed9017.csv.gz
improved_cwoa,5018,9018,cuda:0,1578,2198,2603,437092,36915,112500,0.0,0.606223588167499,1025.0,167.91855551286977,14.181713407606608,438046.0,0.8414252785247791,154.63228198303565,200.0,109.06034301605835,200.0,63.53563432399473,200.0,36.21874613676937,197.0,19.104817828837643,175.0,4,A_IntraHeavy_25_45_15_15,A_weight_sensitivity,IntraHeavy_25_45_15_15,15,0.25,0.45,0.15,0.15,69.6006198920004,/kaggle/working/AD_CWOA_SAFE_RERUN/histories/04_A_IntraHeavy_25_45_15_15_topo5018_seed9018.csv.gz
improved_cwoa,5019,9019,cuda:1,1842,2211,2543,439993,36917,101100,0.0,0.7243413291388124,701.0,173.021234762092,14.517105780574123,440645.0,0.8663881242626819,154.98013296383118,200.0,109.76943940799458,200.0,64.5709213219809,200.0,37.39170533228686,200.0,19.857880148988222,178.0,4,A_IntraHeavy_25_45_15_15,A_weight_sensitivity,IntraHeavy_25_45_15_15,15,0.25,0.45,0.15,0.15,57.6075474850004,/kaggle/working/AD_CWOA_SAFE_RERUN/histories/04_A_IntraHeavy_25_45_15_15_topo5019_seed9019.csv.gz
improved_cwoa,5000,9000,cuda:0,1776,2174,2391,430077,35584,102600,0.0,0.7427854454203262,615.0,179.8732747804266,14.882475951484734,430832.0,0.9009452112086992,153.052081927309,200.0,106.82861415293917,200.0,61.002366254865606,200.0,33.69088241397354,199.0,17.101003807255854,155.0,5,A_LegacyMapped_50_25_25_00,A_weight_sensitivity,LegacyMapped_50_25_25_00,15,0.5,0.25,0.25,0.0,65.0959404109999,/kaggle/working/AD_CWOA_SAFE_RERUN/histories/05_A_LegacyMapped_50_25_25_00_topo5000_seed9000.csv.gz
improved_cwoa,5001,9001,cuda:1,1803,2172,2343,427398,34813,98700,0.0,0.7695262483994878,540.0,182.41485275288093,14.858301323090055,428132.0,0.9136406316688008,153.002083178409,200.0,106.6078778908439,200.0,60.25725144807402,200.0,32.580387704343934,200.0,15.49751126668873,155.0,5,A_LegacyMapped_50_25_25_00,A_weight_sensitivity,LegacyMapped_50_25_25_00,15,0.5,0.25,0.25,0.0,64.75316212899997,/kaggle/working/AD_CWOA_SAFE_RERUN/histories/05_A_LegacyMapped_50_25_25_00_topo5001_seed9001.csv.gz
improved_cwoa,5002,9002,cuda:0,1792,2182,2412,431167,35784,100800,0.0,0.7429519071310116,620.0,178.75912106135988,14.835820895522389,431822.0,0.8951533996683251,153.21597845226643,200.0,107.24174148581596,200.0,61.51987373605927,200.0,34.13205774841072,199.0,17.55969944007094,156.0,5,A_LegacyMapped_50_25_25_00,A_weight_sensitivity,LegacyMapped_50_25_25_00,15,0.5,0.25,0.25,0.0,65.01655267699971,/kaggle/working/AD_CWOA_SAFE_RERUN/histories/05_A_LegacyMapped_50_25_25_00_topo5002_seed9002.csv.gz
improved_cwoa,5003,9003,cuda:1,1802,2185,2416,432368,35803,101400,0.0,0.7458609271523179,614.0,178.96026490066225,14.819122516556291,433189.0,0.8965004139072847,153.60805302195757,200.0,107.75401120400318,200.0,62.0530087796088,200.0,34.74437769399832,200.0,17.718790918215404,158.0,5,A_LegacyMapped_50_25_25_00,A_weight_sensitivity,LegacyMapped_50_25_25_00,15,0.5,0.25,0.25,0.0,66.80165976100034,/kaggle/working/AD_CWOA_SAFE_RERUN/histories/05_A_LegacyMapped_50_25_25_00_topo5003_seed9003.csv.gz
improved_cwoa,5004,9004,cuda:0,1796,2193,2393,430615,35530,100200,0.0,0.7505223568742164,597.0,179.94776431257836,14.847471792728792,431313.0,0.9011972419557042,153.52988634857724,200.0,107.56553292203498,200.0,61.67605226465585,200.0,34.35919095484036,198.0,17.40642542333054,156.0,5,A_LegacyMapped_50_25_25_00,A_weight_sensitivity,LegacyMapped_50_25_25_00,15,0.5,0.25,0.25,0.0,64.39007859399953,/kaggle/working/AD_CWOA_SAFE_RERUN/histories/05_A_LegacyMapped_50_25_25_00_topo5004_seed9004.csv.gz
improved_cwoa,5005,9005,cuda:1,1713,2182,2400,431296,35477,101400,0.0,0.71375,687.0,179.70666666666668,14.782083333333333,432088.0,0.9001833333333333,154.10794200631506,200.0,107.89953734795004,200.0,61.84554908358048,200.0,34.29297676035097,198.0,17.188990440614422,165.0,5,A_LegacyMapped_50_25_25_00,A_weight_sensitivity,LegacyMapped_50_25_25_00,15,0.5,0.25,0.25,0.0,67.61759884599996,/kaggle/working/AD_CWOA_SAFE_RERUN/histories/05_A_LegacyMapped_50_25_25_00_topo5005_seed9005.csv.gz
improved_cwoa,5006,9006,cuda:0,1835,2185,2412,435256,35681,105600,0.0,0.7607794361525705,577.0,180.45439469320067,14.793117744610282,436034.0,0.9038847429519072,154.0674844100866,200.0,108.43771264517864,200.0,63.05022953241343,200.0,35.73033086802616,200.0,18.31340634736596,172.0,5,A_LegacyMapped_50_25_25_00,A_weight_sensitivity,LegacyMapped_50_25_25_00,15,0.5,0.25,0.25,0.0,67.2636684980007,/kaggle/working/AD_CWOA_SAFE_RERUN/histories/05_A_LegacyMapped_50_25_25_00_topo5006_seed9006.csv.gz
improved_cwoa,5007,9007,cuda:1,1728,2174,2355,427809,35075,97200,0.0,0.7337579617834394,627.0,181.6598726114649,14.89384288747346,428419.0,0.9095944798301486,153.09379022006294,200.0,106.68877558279983,200.0,60.47236932279975,200.0,32.899508494406845,197.0,16.115211377302614,160.0,5,A_LegacyMapped_50_25_25_00,A_weight_sensitivity,LegacyMapped_50_25_25_00,15,0.5,0.25,0.25,0.0,63.50950822899995,/kaggle/working/AD_CWOA_SAFE_RERUN/histories/05_A_LegacyMapped_50_25_25_00_topo5007_seed9007.csv.gz
improved_cwoa,5008,9008,cuda:0,1842,2186,2368,430812,35148,99900,0.0,0.7778716216216216,526.0,181.93074324324328,14.842905405405403,431502.0,0.9111106418918918,153.56551171129405,200.0,107.56893986397714,200.0,61.553718726588784,200.0,33.921056533251466,200.0,16.76310438217459,163.0,5,A_LegacyMapped_50_25_25_00,A_weight_sensitivity,LegacyMapped_50_25_25_00,15,0.5,0.25,0.25,0.0,64.80040911000015,/kaggle/working/AD_CWOA_SAFE_RERUN/histories/05_A_LegacyMapped_50_25_25_00_topo5008_seed9008.csv.gz
improved_cwoa,5009,9009,cuda:1,1876,2167,2397,433249,35638,100200,0.0,0.7826449728827701,521.0,180.7463496036713,14.867751355861492,434009.0,0.9053170629954108,154.01642757313402,200.0,108.2375190538998,200.0,62.647539523365324,200.0,35.214214015170455,200.0,17.573109117015733,173.0,5,A_LegacyMapped_50_25_25_00,A_weight_sensitivity,LegacyMapped_50_25_25_00,15,0.5,0.25,0.25,0.0,66.16124421900076,/kaggle/working/AD_CWOA_SAFE_RERUN/histories/05_A_LegacyMapped_50_25_25_00_topo5009_seed9009.csv.gz
improved_cwoa,5010,9010,cuda:0,1855,2193,2410,433887,35780,101400,0.0,0.7697095435684648,555.0,180.03609958506223,14.846473029045644,434579.0,0.901616182572614,154.04700537457455,200.0,108.31740227556924,200.0,62.72084179303379,200.0,35.26066568008028,200.0,17.879704881595973,168.0,5,A_LegacyMapped_50_25_25_00,A_weight_sensitivity,LegacyMapped_50_25_25_00,15,0.5,0.25,0.25,0.0,65.97887403999994,/kaggle/working/AD_CWOA_SAFE_RERUN/histories/05_A_LegacyMapped_50_25_25_00_topo5010_seed9010.csv.gz
improved_cwoa,5011,9011,cuda:1,1808,2167,2396,429233,35509,103500,0.0,0.7545909849749582,588.0,179.1456594323873,14.820116861435729,429975.0,0.8972767111853088,153.24227031016625,200.0,107.02466294125088,200.0,61.05842283849611,200.0,33.6233015342349,200.0,17.052301825770883,153.0,5,A_LegacyMapped_50_25_25_00,A_weight_sensitivity,LegacyMapped_50_25_25_00,15,0.5,0.25,0.25,0.0,69.41529513299974,/kaggle/working/AD_CWOA_SAFE_RERUN/histories/05_A_LegacyMapped_50_25_25_00_topo5011_seed9011.csv.gz
improved_cwoa,5012,9012,cuda:0,1845,2167,2411,431394,35801,100800,0.0,0.7652426379095811,566.0,178.92741600995438,14.8490253007051,431968.0,0.8958274574865202,153.69180477305662,200.0,107.64654843431342,200.0,61.80610765703619,200.0,34.35870004638924,200.0,17.32588990539159,160.0,5,A_LegacyMapped_50_25_25_00,A_weight_sensitivity,LegacyMapped_50_25_25_00,15,0.5,0.25,0.25,0.0,65.06013813899972,/kaggle/working/AD_CWOA_SAFE_RERUN/histories/05_A_LegacyMapped_50_25_25_00_topo5012_seed9012.csv.gz
improved_cwoa,5013,9013,cuda:1,1778,2158,2377,427714,35149,99900,0.0,0.7480016827934372,599.0,179.93857803954563,14.787126630206142,428446.0,0.9012326461926798,153.35969800673783,200.0,106.9678904709274,200.0,60.63002167478183,200.0,33.02389251174005,199.0,16.2504163827877,156.0,5,A_LegacyMapped_50_25_25_00,A_weight_sensitivity,LegacyMapped_50_25_25_00,15,0.5,0.25,0.25,0.0,66.71819270000015,/kaggle/working/AD_CWOA_SAFE_RERUN/histories/05_A_LegacyMapped_50_25_25_00_topo5013_seed9013.csv.gz
improved_cwoa,5014,9014,cuda:0,1819,2151,2394,430396,35590,105000,0.0,0.7598162071846283,575.0,179.78111946533,14.866332497911444,431205.0,0.9005952380952381,153.44405220774257,200.0,107.36901234454513,200.0,61.386811806957766,200.0,33.975264074190854,200.0,16.91282241387971,162.0,5,A_LegacyMapped_50_25_25_00,A_weight_sensitivity,LegacyMapped_50_25_25_00,15,0.5,0.25,0.25,0.0,65.86673800500012,/kaggle/working/AD_CWOA_SAFE_RERUN/histories/05_A_LegacyMapped_50_25_25_00_topo5014_seed9014.csv.gz
improved_cwoa,5015,9015,cuda:1,1708,2189,2378,427955,35259,102300,0.0,0.7182506307821699,670.0,179.96425567703952,14.827165685449955,428886.0,0.9017788057190916,153.2149608694138,200.0,106.84717531234898,200.0,60.66892683486845,200.0,33.08003023534158,197.0,16.35268356786372,155.0,5,A_LegacyMapped_50_25_25_00,A_weight_sensitivity,LegacyMapped_50_25_25_00,15,0.5,0.25,0.25,0.0,66.57290333200035,/kaggle/working/AD_CWOA_SAFE_RERUN/histories/05_A_LegacyMapped_50_25_25_00_topo5015_seed9015.csv.gz
improved_cwoa,5016,9016,cuda:0,1819,2202,2411,433890,35717,103500,0.0,0.7544587308170884,592.0,179.96267109083368,14.814184985483202,434545.0,0.901171712982165,153.73362408418438,200.0,107.91454188997004,200.0,62.41905811555736,200.0,35.182691949920155,200.0,18.2552513365481,162.0,5,A_LegacyMapped_50_25_25_00,A_weight_sensitivity,LegacyMapped_50_25_25_00,15,0.5,0.25,0.25,0.0,66.39487851000013,/kaggle/working/AD_CWOA_SAFE_RERUN/histories/05_A_LegacyMapped_50_25_25_00_topo5016_seed9016.csv.gz
improved_cwoa,5017,9017,cuda:1,1758,2191,2413,433858,35842,99900,0.0,0.728553667633651,655.0,179.80024865312888,14.853709075839204,434646.0,0.9006340654786573,153.9273928563545,200.0,108.30171506653976,200.0,62.72110134124941,200.0,35.35867606194764,199.0,18.17002651703787,167.0,5,A_LegacyMapped_50_25_25_00,A_weight_sensitivity,LegacyMapped_50_25_25_00,15,0.5,0.25,0.25,0.0,66.58392246899984,/kaggle/working/AD_CWOA_SAFE_RERUN/histories/05_A_LegacyMapped_50_25_25_00_topo5017_seed9017.csv.gz
improved_cwoa,5018,9018,cuda:0,1796,2188,2390,432295,35494,102000,0.0,0.7514644351464436,594.0,180.8765690376569,14.851046025104605,433163.0,0.9061987447698744,153.93556964300012,200.0,108.04593979674888,200.0,62.26974139104884,200.0,34.84293375537396,199.0,17.69137727699301,166.0,5,A_LegacyMapped_50_25_25_00,A_weight_sensitivity,LegacyMapped_50_25_25_00,15,0.5,0.25,0.25,0.0,64.54908292900018,/kaggle/working/AD_CWOA_SAFE_RERUN/histories/05_A_LegacyMapped_50_25_25_00_topo5018_seed9018.csv.gz
improved_cwoa,5019,9019,cuda:1,1826,2183,2415,432757,35868,102000,0.0,0.7561076604554865,589.0,179.19544513457558,14.852173913043478,433442.0,0.8973954451345756,153.61378855501567,200.0,107.8650851224178,200.0,62.106157471834834,200.0,34.847226380401025,200.0,17.928711755907795,163.0,5,A_LegacyMapped_50_25_25_00,A_weight_sensitivity,LegacyMapped_50_25_25_00,15,0.5,0.25,0.25,0.0,60.10932913400029,/kaggle/working/AD_CWOA_SAFE_RERUN/histories/05_A_LegacyMapped_50_25_25_00_topo5019_seed9019.csv.gz
improved_cwoa,5000,9000,cuda:0,1579,2207,2732,437906,37887,114300,0.0,0.5779648609077599,1153.0,160.28770131771597,13.867862371888728,438677.0,0.802849560761347,154.3490195652966,200.0,108.85411655239352,200.0,63.27101381640056,200.0,36.11961901286895,194.0,19.6174920631976,171.0,6,A_LoadHeavy_25_20_15_40,A_weight_sensitivity,LoadHeavy_25_20_15_40,15,0.25,0.2,0.15,0.4,72.01067481500013,/kaggle/working/AD_CWOA_SAFE_RERUN/histories/06_A_LoadHeavy_25_20_15_40_topo5000_seed9000.csv.gz
improved_cwoa,5001,9001,cuda:1,1441,2178,2706,433738,38739,108300,0.0,0.532520325203252,1265.0,160.28750923872877,14.315964523281597,434433.0,0.8027217294900222,153.79224902769894,200.0,107.61477173861962,200.0,61.754828886053104,199.0,34.85405489841911,189.0,18.77384758147149,157.0,6,A_LoadHeavy_25_20_15_40,A_weight_sensitivity,LoadHeavy_25_20_15_40,15,0.25,0.2,0.15,0.4,70.42822000900014,/kaggle/working/AD_CWOA_SAFE_RERUN/histories/06_A_LoadHeavy_25_20_15_40_topo5001_seed9001.csv.gz
improved_cwoa,5002,9002,cuda:0,1697,2179,2886,437651,38658,120300,0.0,0.588011088011088,1189.0,151.64622314622315,13.395010395010395,438431.0,0.7595824670824671,154.54305843662962,200.0,109.0173030516182,200.0,63.46736922343579,200.0,36.24079794720906,196.0,19.323587029691623,170.0,6,A_LoadHeavy_25_20_15_40,A_weight_sensitivity,LoadHeavy_25_20_15_40,15,0.25,0.2,0.15,0.4,77.16622455699962,/kaggle/working/AD_CWOA_SAFE_RERUN/histories/06_A_LoadHeavy_25_20_15_40_topo5002_seed9002.csv.gz
improved_cwoa,5003,9003,cuda:1,1653,2194,2733,437539,38030,110400,0.0,0.6048298572996706,1080.0,160.09476765459203,13.915111598975486,438300.0,0.8018660812294183,154.39884206375558,200.0,108.85181565647372,200.0,63.3748461873085,200.0,36.22663356991304,196.0,19.23334442571788,169.0,6,A_LoadHeavy_25_20_15_40,A_weight_sensitivity,LoadHeavy_25_20_15_40,15,0.25,0.2,0.15,0.4,73.1150037059997,/kaggle/working/AD_CWOA_SAFE_RERUN/histories/06_A_LoadHeavy_25_20_15_40_topo5003_seed9003.csv.gz
improved_cwoa,5004,9004,cuda:0,1744,2183,2717,435118,38074,111900,0.0,0.6418844313581156,973.0,160.14648509385353,14.01324990798675,435917.0,0.8022027972027972,154.21783334823954,200.0,108.37357569281876,200.0,62.53768140252547,200.0,35.00136016733266,194.0,18.29509174176976,165.0,6,A_LoadHeavy_25_20_15_40,A_weight_sensitivity,LoadHeavy_25_20_15_40,15,0.25,0.2,0.15,0.4,69.36994273600067,/kaggle/working/AD_CWOA_SAFE_RERUN/histories/06_A_LoadHeavy_25_20_15_40_topo5004_seed9004.csv.gz
improved_cwoa,5005,9005,cuda:1,1542,2198,2754,436018,38894,115200,0.0,0.5599128540305011,1212.0,158.32171387073348,14.122730573710966,436791.0,0.7930119825708061,154.28590714945437,200.0,108.55357489693844,200.0,62.750183835742256,200.0,35.50191259726047,192.0,19.14249405335224,161.0,6,A_LoadHeavy_25_20_15_40,A_weight_sensitivity,LoadHeavy_25_20_15_40,15,0.25,0.2,0.15,0.4,74.90787251500024,/kaggle/working/AD_CWOA_SAFE_RERUN/histories/06_A_LoadHeavy_25_20_15_40_topo5005_seed9005.csv.gz
improved_cwoa,5006,9006,cuda:0,1708,2208,2714,438357,38236,112200,0.0,0.6293294030950627,1006.0,161.51694915254237,14.08843036109064,439176.0,0.8090935887988209,154.50838155411336,200.0,109.04080744086438,200.0,63.396797607637424,200.0,36.25266217904959,195.0,19.748476696653967,160.0,6,A_LoadHeavy_25_20_15_40,A_weight_sensitivity,LoadHeavy_25_20_15_40,15,0.25,0.2,0.15,0.4,70.8580564419999,/kaggle/working/AD_CWOA_SAFE_RERUN/histories/06_A_LoadHeavy_25_20_15_40_topo5006_seed9006.csv.gz
improved_cwoa,5007,9007,cuda:1,1652,2169,3047,434044,38834,119400,0.0,0.5421726288152281,1395.0,142.44962257958647,12.744995077125042,434818.0,0.7135182146373482,153.8761666522676,200.0,107.8899253838974,200.0,61.88414293278458,200.0,34.370383606896006,195.0,17.749625520766326,162.0,6,A_LoadHeavy_25_20_15_40,A_weight_sensitivity,LoadHeavy_25_20_15_40,15,0.25,0.2,0.15,0.4,78.59682829699977,/kaggle/working/AD_CWOA_SAFE_RERUN/histories/06_A_LoadHeavy_25_20_15_40_topo5007_seed9007.csv.gz
improved_cwoa,5008,9008,cuda:0,1642,2194,2780,434924,38464,117300,0.0,0.5906474820143884,1138.0,156.4474820143885,13.835971223021582,435767.0,0.7837535971223022,154.16358748342583,200.0,108.22435738791413,200.0,62.33955954765172,200.0,35.031128641778224,192.0,18.66621415973736,160.0,6,A_LoadHeavy_25_20_15_40,A_weight_sensitivity,LoadHeavy_25_20_15_40,15,0.25,0.2,0.15,0.4,75.68678195899975,/kaggle/working/AD_CWOA_SAFE_RERUN/histories/06_A_LoadHeavy_25_20_15_40_topo5008_seed9008.csv.gz
improved_cwoa,5009,9009,cuda:1,1434,2209,2723,436237,38325,114000,0.0,0.5266250459052516,1289.0,160.20455380095484,14.074550128534703,437003.0,0.8024293059125964,154.3125641912846,200.0,108.67172890070788,200.0,63.04659249868497,199.0,36.06874737347872,190.0,19.89124194994954,157.0,6,A_LoadHeavy_25_20_15_40,A_weight_sensitivity,LoadHeavy_25_20_15_40,15,0.25,0.2,0.15,0.4,74.85893543699967,/kaggle/working/AD_CWOA_SAFE_RERUN/histories/06_A_LoadHeavy_25_20_15_40_topo5009_seed9009.csv.gz
improved_cwoa,5010,9010,cuda:0,1568,2201,2823,438444,37857,116700,0.0,0.5554374778604322,1255.0,155.3113708820404,13.41020191285866,439258.0,0.7779985830676586,154.54573338248446,200.0,109.28305515189324,200.0,63.68933432581509,200.0,36.75841493990704,194.0,19.93912726839089,166.0,6,A_LoadHeavy_25_20_15_40,A_weight_sensitivity,LoadHeavy_25_20_15_40,15,0.25,0.2,0.15,0.4,75.12426045099983,/kaggle/working/AD_CWOA_SAFE_RERUN/histories/06_A_LoadHeavy_25_20_15_40_topo5010_seed9010.csv.gz
improved_cwoa,5011,9011,cuda:1,1669,2177,2630,434262,37807,108000,0.0,0.6346007604562738,961.0,165.11863117870723,14.37528517110266,434945.0,0.8268916349809886,154.08366794199873,200.0,108.1333937794688,200.0,62.206314906552464,200.0,34.9563469251008,191.0,18.24427431427965,166.0,6,A_LoadHeavy_25_20_15_40,A_weight_sensitivity,LoadHeavy_25_20_15_40,15,0.25,0.2,0.15,0.4,71.6345068390001,/kaggle/working/AD_CWOA_SAFE_RERUN/histories/06_A_LoadHeavy_25_20_15_40_topo5011_seed9011.csv.gz
improved_cwoa,5012,9012,cuda:0,1569,2180,2926,438217,38799,118500,0.0,0.536226930963773,1357.0,149.76657552973342,13.260082023239915,438946.0,0.7500786056049213,154.56131481468134,200.0,108.97734058746308,200.0,63.45626191677199,200.0,36.53064255025279,193.0,19.790713540746616,166.0,6,A_LoadHeavy_25_20_15_40,A_weight_sensitivity,LoadHeavy_25_20_15_40,15,0.25,0.2,0.15,0.4,74.76867905800009,/kaggle/working/AD_CWOA_SAFE_RERUN/histories/06_A_LoadHeavy_25_20_15_40_topo5012_seed9012.csv.gz
improved_cwoa,5013,9013,cuda:1,1577,2182,2718,433113,37933,112500,0.0,0.580206033848418,1141.0,159.34988962472406,13.956217807211186,433958.0,0.7983038999264165,153.76424139699077,200.0,107.65679752871551,200.0,61.61230680484476,200.0,34.4386305579152,189.0,18.169061570922125,161.0,6,A_LoadHeavy_25_20_15_40,A_weight_sensitivity,LoadHeavy_25_20_15_40,15,0.25,0.2,0.15,0.4,74.8344797640002,/kaggle/working/AD_CWOA_SAFE_RERUN/histories/06_A_LoadHeavy_25_20_15_40_topo5013_seed9013.csv.gz
improved_cwoa,5014,9014,cuda:0,1718,2168,2973,437868,38643,118200,0.0,0.5778674739320552,1255.0,147.28153380423814,12.997981836528758,438646.0,0.737716111671712,154.3292147550588,200.0,108.86142732204974,200.0,63.243439151038416,200.0,35.871923095259675,198.0,18.750462537771185,173.0,6,A_LoadHeavy_25_20_15_40,A_weight_sensitivity,LoadHeavy_25_20_15_40,15,0.25,0.2,0.15,0.4,74.22460246799983,/kaggle/working/AD_CWOA_SAFE_RERUN/histories/06_A_LoadHeavy_25_20_15_40_topo5014_seed9014.csv.gz
improved_cwoa,5015,9015,cuda:1,1524,2172,2957,435080,39028,120300,0.0,0.5153872167737572,1433.0,147.13561041596213,13.198512005410889,435774.0,0.7368515387216774,154.10307379771973,200.0,108.23752609472854,200.0,62.2756856676622,200.0,35.16842608786324,191.0,18.67024209563509,167.0,6,A_LoadHeavy_25_20_15_40,A_weight_sensitivity,LoadHeavy_25_20_15_40,15,0.25,0.2,0.15,0.4,79.3621330800006,/kaggle/working/AD_CWOA_SAFE_RERUN/histories/06_A_LoadHeavy_25_20_15_40_topo5015_seed9015.csv.gz
improved_cwoa,5016,9016,cuda:0,1744,2199,3001,439594,38608,122700,0.0,0.5811396201266245,1257.0,146.48250583138957,12.865044985004998,440386.0,0.7337320893035655,154.63942574330133,200.0,109.18641658395416,200.0,63.78480155601404,200.0,36.50468877717603,198.0,19.468853946204405,173.0,6,A_LoadHeavy_25_20_15_40,A_weight_sensitivity,LoadHeavy_25_20_15_40,15,0.25,0.2,0.15,0.4,77.37169571999948,/kaggle/working/AD_CWOA_SAFE_RERUN/histories/06_A_LoadHeavy_25_20_15_40_topo5016_seed9016.csv.gz
improved_cwoa,5017,9017,cuda:1,1644,2204,2923,439481,38568,123600,0.0,0.5624358535750941,1279.0,150.352719808416,13.194663017447828,440250.0,0.7530790283954841,154.7239778035471,200.0,109.39456319063686,200.0,63.9118180064196,200.0,36.86643535930112,193.0,20.61914656040796,164.0,6,A_LoadHeavy_25_20_15_40,A_weight_sensitivity,LoadHeavy_25_20_15_40,15,0.25,0.2,0.15,0.4,79.6136939400003,/kaggle/working/AD_CWOA_SAFE_RERUN/histories/06_A_LoadHeavy_25_20_15_40_topo5017_seed9017.csv.gz
improved_cwoa,5018,9018,cuda:0,1661,2194,2718,435429,38240,111300,0.0,0.6111111111111112,1057.0,160.2019867549669,14.0691685062546,436317.0,0.8026434878587196,154.2721379730181,200.0,108.3593819302544,200.0,62.5212972434775,200.0,35.20826978446753,191.0,19.022725025022872,153.0,6,A_LoadHeavy_25_20_15_40,A_weight_sensitivity,LoadHeavy_25_20_15_40,15,0.25,0.2,0.15,0.4,70.63842677499997,/kaggle/working/AD_CWOA_SAFE_RERUN/histories/06_A_LoadHeavy_25_20_15_40_topo5018_seed9018.csv.gz
improved_cwoa,5019,9019,cuda:1,1677,2207,2678,439729,37900,113700,0.0,0.6262135922330098,1001.0,164.2005227781927,14.152352501867066,440574.0,0.822580283793876,154.80169803923576,200.0,109.55879172582128,200.0,64.24528143712658,200.0,37.30992236761254,191.0,20.826319025186024,169.0,6,A_LoadHeavy_25_20_15_40,A_weight_sensitivity,LoadHeavy_25_20_15_40,15,0.25,0.2,0.15,0.4,60.663700555000105,/kaggle/working/AD_CWOA_SAFE_RERUN/histories/06_A_LoadHeavy_25_20_15_40_topo5019_seed9019.csv.gz
improved_cwoa,5000,9000,cuda:0,1710,2173,2606,433565,37299,106500,0.0,0.6561780506523408,896.0,166.371834228703,14.312739831158863,434332.0,0.8333307751343054,154.27130016694542,200.0,108.63046036599631,200.0,63.01669797079818,200.0,35.694844802320624,195.0,18.810688366261072,165.0,7,A_SinkHeavy_25_20_40_15,A_weight_sensitivity,SinkHeavy_25_20_40_15,15,0.25,0.2,0.4,0.15,65.67366763500013,/kaggle/working/AD_CWOA_SAFE_RERUN/histories/07_A_SinkHeavy_25_20_40_15_topo5000_seed9000.csv.gz
improved_cwoa,5001,9001,cuda:1,1737,2154,2573,429516,36470,109800,0.0,0.6750874465604353,836.0,166.93198600855033,14.174115818111154,430376.0,0.8363311309755149,154.03659311245565,200.0,107.81598382175582,200.0,61.767489410769045,200.0,34.10689924906258,198.0,17.247534190004423,155.0,7,A_SinkHeavy_25_20_40_15,A_weight_sensitivity,SinkHeavy_25_20_40_15,15,0.25,0.2,0.4,0.15,70.50262020599985,/kaggle/working/AD_CWOA_SAFE_RERUN/histories/07_A_SinkHeavy_25_20_40_15_topo5001_seed9001.csv.gz
improved_cwoa,5002,9002,cuda:0,1637,2171,2602,432862,37522,113700,0.0,0.6291314373558801,965.0,166.3574173712529,14.42044581091468,433698.0,0.8333935434281322,154.2369633502678,200.0,108.54196211801862,200.0,62.8335538591114,200.0,35.647472257586735,192.0,19.37224649201472,157.0,7,A_SinkHeavy_25_20_40_15,A_weight_sensitivity,SinkHeavy_25_20_40_15,15,0.25,0.2,0.4,0.15,70.36257490000025,/kaggle/working/AD_CWOA_SAFE_RERUN/histories/07_A_SinkHeavy_25_20_40_15_topo5002_seed9002.csv.gz
improved_cwoa,5003,9003,cuda:1,1577,2164,2711,434116,37774,114000,0.0,0.5817041682036149,1134.0,160.13131685724824,13.933603836222796,434939.0,0.8021744743637035,154.29058692602368,200.0,108.83196481793772,200.0,63.283038560375104,200.0,36.263879927994935,192.0,19.806464372990487,159.0,7,A_SinkHeavy_25_20_40_15,A_weight_sensitivity,SinkHeavy_25_20_40_15,15,0.25,0.2,0.4,0.15,72.78194039799928,/kaggle/working/AD_CWOA_SAFE_RERUN/histories/07_A_SinkHeavy_25_20_40_15_topo5003_seed9003.csv.gz
improved_cwoa,5004,9004,cuda:0,1633,2169,2578,432311,37354,108300,0.0,0.6334367726920093,945.0,167.6923972071373,14.489526764934055,433015.0,0.8398273855702094,154.19985077102928,200.0,108.44308836443946,200.0,62.71582122437286,200.0,35.37491382088772,194.0,19.019879826181004,160.0,7,A_SinkHeavy_25_20_40_15,A_weight_sensitivity,SinkHeavy_25_20_40_15,15,0.25,0.2,0.4,0.15,68.25233896400005,/kaggle/working/AD_CWOA_SAFE_RERUN/histories/07_A_SinkHeavy_25_20_40_15_topo5004_seed9004.csv.gz
improved_cwoa,5005,9005,cuda:1,1650,2168,2568,433388,37390,109800,0.0,0.6425233644859814,918.0,168.76479750778816,14.559968847352025,434170.0,0.8453465732087228,154.38149330603733,200.0,108.67151404436228,200.0,63.00930665001262,200.0,35.61801660896201,195.0,18.93746234612196,162.0,7,A_SinkHeavy_25_20_40_15,A_weight_sensitivity,SinkHeavy_25_20_40_15,15,0.25,0.2,0.4,0.15,71.39263945300081,/kaggle/working/AD_CWOA_SAFE_RERUN/histories/07_A_SinkHeavy_25_20_40_15_topo5005_seed9005.csv.gz
improved_cwoa,5006,9006,cuda:0,1640,2187,2664,435687,37836,114600,0.0,0.6156156156156156,1024.0,163.54617117117118,14.202702702702704,436491.0,0.8192398648648649,154.6597647639308,200.0,109.19006800563764,200.0,63.65078396041663,200.0,36.743254442705776,193.0,20.38657249232213,160.0,7,A_SinkHeavy_25_20_40_15,A_weight_sensitivity,SinkHeavy_25_20_40_15,15,0.25,0.2,0.4,0.15,71.77569696799947,/kaggle/working/AD_CWOA_SAFE_RERUN/histories/07_A_SinkHeavy_25_20_40_15_topo5006_seed9006.csv.gz
improved_cwoa,5007,9007,cuda:1,1668,2135,2612,429587,36894,108600,0.0,0.6385911179173047,944.0,164.4666921898928,14.124808575803982,430363.0,0.8238189127105666,153.88058725321653,200.0,107.71659504327144,200.0,61.65876599488501,200.0,34.25494733923726,193.0,17.86714204005615,155.0,7,A_SinkHeavy_25_20_40_15,A_weight_sensitivity,SinkHeavy_25_20_40_15,15,0.25,0.2,0.4,0.15,70.34354677699957,/kaggle/working/AD_CWOA_SAFE_RERUN/histories/07_A_SinkHeavy_25_20_40_15_topo5007_seed9007.csv.gz
improved_cwoa,5008,9008,cuda:0,1678,2171,2507,431104,36658,111900,0.0,0.6693258875149581,829.0,171.96011168727563,14.6222576785002,431962.0,0.8615117670522537,153.88345593205867,200.0,108.0520248024009,200.0,62.12541060732314,200.0,34.697102383033936,193.0,18.122599995302096,157.0,7,A_SinkHeavy_25_20_40_15,A_weight_sensitivity,SinkHeavy_25_20_40_15,15,0.25,0.2,0.4,0.15,68.34804469000119,/kaggle/working/AD_CWOA_SAFE_RERUN/histories/07_A_SinkHeavy_25_20_40_15_topo5008_seed9008.csv.gz
improved_cwoa,5009,9009,cuda:1,1647,2175,2555,433622,37425,111600,0.0,0.6446183953033268,908.0,169.71506849315068,14.647749510763209,434530.0,0.8503522504892368,154.40699774134734,200.0,108.80718197044328,200.0,63.09754317193536,200.0,35.98966429832136,191.0,19.451828468482635,159.0,7,A_SinkHeavy_25_20_40_15,A_weight_sensitivity,SinkHeavy_25_20_40_15,15,0.25,0.2,0.4,0.15,70.24090928399892,/kaggle/working/AD_CWOA_SAFE_RERUN/histories/07_A_SinkHeavy_25_20_40_15_topo5009_seed9009.csv.gz
improved_cwoa,5010,9010,cuda:0,1682,2172,2600,435873,38130,113400,0.0,0.6469230769230769,918.0,167.64346153846154,14.665384615384616,436725.0,0.8398557692307692,154.69612440001086,200.0,109.42846400038404,200.0,64.08509160623484,200.0,36.9870963453763,194.0,20.747185039467603,160.0,7,A_SinkHeavy_25_20_40_15,A_weight_sensitivity,SinkHeavy_25_20_40_15,15,0.25,0.2,0.4,0.15,69.4369881950006,/kaggle/working/AD_CWOA_SAFE_RERUN/histories/07_A_SinkHeavy_25_20_40_15_topo5010_seed9010.csv.gz
improved_cwoa,5011,9011,cuda:1,1578,2153,2594,430114,37336,111600,0.0,0.6083269082498073,1016.0,165.81110254433307,14.393215111796453,430953.0,0.8306727062451812,153.8639810662039,200.0,108.0125213198614,200.0,62.15748179427881,200.0,34.82010999767892,194.0,18.78689308033065,152.0,7,A_SinkHeavy_25_20_40_15,A_weight_sensitivity,SinkHeavy_25_20_40_15,15,0.25,0.2,0.4,0.15,71.33248979400014,/kaggle/working/AD_CWOA_SAFE_RERUN/histories/07_A_SinkHeavy_25_20_40_15_topo5011_seed9011.csv.gz
improved_cwoa,5012,9012,cuda:0,1693,2172,2565,434761,37317,108900,0.0,0.6600389863547759,872.0,169.49746588693958,14.548538011695909,435504.0,0.8489356725146199,154.49581096109043,200.0,109.17153379364314,200.0,63.564951693211405,200.0,36.47028678667694,195.0,19.840484151570813,165.0,7,A_SinkHeavy_25_20_40_15,A_weight_sensitivity,SinkHeavy_25_20_40_15,15,0.25,0.2,0.4,0.15,70.312505074,/kaggle/working/AD_CWOA_SAFE_RERUN/histories/07_A_SinkHeavy_25_20_40_15_topo5012_seed9012.csv.gz
improved_cwoa,5013,9013,cuda:1,1487,2162,2535,429125,36505,108600,0.0,0.5865877712031559,1048.0,169.2800788954635,14.400394477317557,429965.0,0.8480571992110454,153.68337339259688,200.0,107.64118154443103,200.0,61.68874220367287,199.0,34.130922581107484,193.0,17.49676532577528,153.0,7,A_SinkHeavy_25_20_40_15,A_weight_sensitivity,SinkHeavy_25_20_40_15,15,0.25,0.2,0.4,0.15,73.11936269199941,/kaggle/working/AD_CWOA_SAFE_RERUN/histories/07_A_SinkHeavy_25_20_40_15_topo5013_seed9013.csv.gz
improved_cwoa,5014,9014,cuda:0,1674,2188,2555,433673,37254,109800,0.0,0.6551859099804306,881.0,169.73502935420743,14.58082191780822,434488.0,0.8502700587084149,154.38907251368997,200.0,108.62609746227665,200.0,62.97268940570805,200.0,35.883632094002245,192.0,19.80884371216703,158.0,7,A_SinkHeavy_25_20_40_15,A_weight_sensitivity,SinkHeavy_25_20_40_15,15,0.25,0.2,0.4,0.15,72.71139488900008,/kaggle/working/AD_CWOA_SAFE_RERUN/histories/07_A_SinkHeavy_25_20_40_15_topo5014_seed9014.csv.gz
improved_cwoa,5015,9015,cuda:1,1651,2184,2600,431182,37233,110100,0.0,0.635,949.0,165.83923076923077,14.320384615384617,431989.0,0.830748076923077,154.0189657285222,200.0,108.28668461129912,200.0,62.294816131721,200.0,34.90075520535597,194.0,18.69562564010572,149.0,7,A_SinkHeavy_25_20_40_15,A_weight_sensitivity,SinkHeavy_25_20_40_15,15,0.25,0.2,0.4,0.15,75.38842377699984,/kaggle/working/AD_CWOA_SAFE_RERUN/histories/07_A_SinkHeavy_25_20_40_15_topo5015_seed9015.csv.gz
improved_cwoa,5016,9016,cuda:0,1638,2160,2546,434521,37628,110700,0.0,0.6433621366849961,908.0,170.6681068342498,14.779261586802829,435360.0,0.8549882168106834,154.5796568157848,200.0,108.8754562065218,200.0,63.294771317630186,200.0,36.205342013714784,193.0,19.77715153141706,158.0,7,A_SinkHeavy_25_20_40_15,A_weight_sensitivity,SinkHeavy_25_20_40_15,15,0.25,0.2,0.4,0.15,71.63410234000003,/kaggle/working/AD_CWOA_SAFE_RERUN/histories/07_A_SinkHeavy_25_20_40_15_topo5016_seed9016.csv.gz
improved_cwoa,5017,9017,cuda:1,1667,2158,2608,435905,37952,111000,0.0,0.6391871165644172,941.0,167.14148773006136,14.552147239263803,436693.0,0.8372181748466258,154.6734454674157,200.0,109.26598473519503,200.0,63.903563671755656,200.0,36.81720770045152,196.0,20.270632227094936,162.0,7,A_SinkHeavy_25_20_40_15,A_weight_sensitivity,SinkHeavy_25_20_40_15,15,0.25,0.2,0.4,0.15,73.41164847300024,/kaggle/working/AD_CWOA_SAFE_RERUN/histories/07_A_SinkHeavy_25_20_40_15_topo5017_seed9017.csv.gz
improved_cwoa,5018,9018,cuda:0,1649,2187,2605,433823,37357,112200,0.0,0.6330134357005758,956.0,166.53474088291748,14.3404990403071,434693.0,0.8343435700575815,154.3727733410202,200.0,108.82580341178384,200.0,63.2937213628374,200.0,36.15942402980372,191.0,19.74425230843361,161.0,7,A_SinkHeavy_25_20_40_15,A_weight_sensitivity,SinkHeavy_25_20_40_15,15,0.25,0.2,0.4,0.15,72.11155401500037,/kaggle/working/AD_CWOA_SAFE_RERUN/histories/07_A_SinkHeavy_25_20_40_15_topo5018_seed9018.csv.gz
improved_cwoa,5019,9019,cuda:1,1753,2148,2611,435343,38147,110100,0.0,0.6713902719264649,858.0,166.73420145538108,14.610111068556108,436104.0,0.8351283033320567,154.50716151133417,200.0,109.01684428645916,200.0,63.67685648780399,200.0,36.554869225721816,196.0,20.141635060938015,158.0,7,A_SinkHeavy_25_20_40_15,A_weight_sensitivity,SinkHeavy_25_20_40_15,15,0.25,0.2,0.4,0.15,60.59203744900151,/kaggle/working/AD_CWOA_SAFE_RERUN/histories/07_A_SinkHeavy_25_20_40_15_topo5019_seed9019.csv.gz
